name|age|phone|email|city|country|postal_code
Gabriel Murray|34|(020) 3567 5401|magna.malesuada@pedeetrisus.com|Armungia|Tanzania|6676
Fritz Kramer|86|056 2073 6398|dui@velquam.co.uk|Amiens|Chad|14900
Timon Holmes|15|056 6567 2180|et.malesuada@dui.org|Bonefro|Grenada|60785
Nathan Yates|99|055 5098 3542|vitae.mauris.sit@sollicitudin.ca|New Westminster|Sri Lanka|63502-232
Harper Harding|50|(029) 7522 1211|mi@luctusut.edu|Pittsburgh|Niger|11005
Hyatt Anderson|73|07246 391581|lobortis@etrutrum.edu|Suxy|Colombia|161334
Raphael Paul|97|055 4410 1299|ac@blanditat.ca|Paranaguá|Mayotte|9036
Drew Aguilar|24|055 4528 8665|primis.in.faucibus@tortor.net|Tongerlo|Uganda|176025
Jermaine Mayo|11|0800 194 2197|vestibulum@necmetusfacilisis.ca|Thisnes|Ukraine|5143
Chandler Good|66|0800 1111|sociosqu.ad@sed.org|Motueka|Senegal|V0I 0JP
Leo Sparks|54|07624 827989|mi@enimNuncut.edu|Patarrá|Nepal|13762
Connor Duffy|88|0800 900 2852|et@necante.edu|Sellano|Kazakhstan|32672-852
Abraham Kirkland|73|0800 1111|magna.sed.dui@mi.net|Fort McPherson|United States|78687-913
Rigel Blanchard|35|055 3477 8957|est.ac.facilisis@Duisrisus.net|Stilo|Greece|6324
Troy Miller|73|(028) 3488 8080|feugiat@ametluctus.ca|Saskatoon|United States|82775
Seth House|52|0819 234 4722|semper.rutrum@eusemPellentesque.com|Wetaskiwin|Palau|10556-001
Honorato Avila|90|(016977) 5165|nonummy.ipsum@molestie.org|Ougr�e|Suriname|92321
Alden Ball|4|0305 162 9847|lacus@inceptos.ca|Kingston|Tuvalu|G1A 8W2
Scott Moran|44|0845 46 41|magna.nec@tempor.org|Kanchrapara|Guernsey|59484-533
Hector Wiggins|8|0866 860 7653|a@ut.co.uk|Güssing|Bahrain|N7T 3OV
Kenneth Cote|44|070 1715 9746|Nullam@loremfringilla.com|Pittsburgh|Russian Federation|M9V 7M8
Darius Burt|47|056 7675 0854|rhoncus.Proin@dictumauguemalesuada.net|Boston|Burkina Faso|99570
Oren Wiley|65|0845 46 45|sagittis.augue.eu@tellusfaucibus.com|Westport|Slovakia|03835
Ivan Cline|62|(01391) 72821|diam.Pellentesque@velitduisemper.net|Montoggio|Syria|969425
Vladimir Brooks|19|0845 46 49|quis@aliquameuaccumsan.edu|Tranent|Guinea-Bissau|Y9H 7G0
Wang Cameron|35|(0118) 316 1828|tristique.ac.eleifend@auctor.co.uk|Zeebrugge|Norfolk Island|1302
Gil Collins|1|(0101) 392 4160|sociis.natoque.penatibus@estMauris.ca|Port Coquitlam|Pakistan|97446
Thane Sweet|69|(01043) 542319|dolor.Nulla@lobortisquis.org|Bazzano|Egypt|8914
Brian Cash|87|0845 46 44|sed.est.Nunc@vehiculaet.org|Pictou|Indonesia|00682
Ryder Foster|36|0991 103 5696|nunc.risus.varius@placerat.ca|Herfelingen|Bouvet Island|45587-007
Steven Maxwell|50|0380 953 5261|tristique.senectus@dolorvitaedolor.org|Acquasanta Terme|French Guiana|4989
Nehru Sullivan|81|07624 067292|mi.lacinia.mattis@turpis.net|Saint-Brieuc|Chile|A5W 5OO
Alfonso Mcknight|64|0500 361891|Duis@elementumpurus.net|Nuraminis|American Samoa|9863
Grady Alvarado|44|0800 707993|nulla.Donec@ullamcorperDuisat.org|Corbara|Thailand|1461
Francis Moore|84|0845 46 41|fringilla@dui.ca|Annapolis Royal|Timor-Leste|08898
Ahmed Pugh|95|070 2467 1054|quam@liberoest.co.uk|Kukatpalle|Belize|72259
Prescott Levy|79|0845 46 42|lorem.luctus.ut@nonummyacfeugiat.com|Malbaie|Belarus|40103
Hayes Farley|6|(0114) 029 3887|Cras.eu.tellus@vitaedolorDonec.ca|Rixensart|Anguilla|F0 7XP
Luke Weber|14|070 3611 4982|enim.nisl@nec.com|Campotosto|China|82669
Clayton Lawson|48|(027) 3158 1827|lacus.Aliquam@a.org|Motueka|Saint Vincent and The Grenadines|41429
Aidan Hebert|68|0800 405118|amet.consectetuer@sedfacilisisvitae.com|Bonvicino|Argentina|8607
Jerry Barrett|27|0800 011264|sed.orci.lobortis@Donecnonjusto.org|Monte Giberto|Qatar|40813
Brady Waller|38|(01012) 157360|lectus@vulputateduinec.org|Camrose|Jamaica|30412
Sebastian Acevedo|11|056 7157 6081|risus@etnetus.co.uk|Saint-Malo|Czech Republic|733667
Talon Meyer|26|0881 167 8831|justo@ornare.net|Kitzbühel|Netherlands|85923-791
Chadwick Huber|50|(026) 0412 7622|malesuada@odio.edu|Athus|Northern Mariana Islands|L5J 0R4
Zachary Short|61|(016977) 5589|nisi@blanditNamnulla.edu|Neerglabbeek|French Polynesia|4352
Hedley Hanson|96|(01550) 780431|a.enim.Suspendisse@In.net|Neuville-en-Condroz|Solomon Islands|1284
Brandon Wise|59|0367 678 8298|enim@scelerisquedui.ca|Mogi das Cruzes|Malta|1906
Jack Shannon|97|0917 531 1986|pede.blandit.congue@Nunccommodo.com|Jandrain-Jandrenouille|Iraq|79026
Chandler Berger|83|0500 902317|mauris.Integer@variusorciin.com|Flushing|Mongolia|H5 7BV
Oliver England|38|055 1347 0375|varius.Nam.porttitor@Suspendisseac.ca|Lewiston|Belize|77916
Eric Sandoval|59|0800 1111|non.nisi@disparturientmontes.co.uk|Santander|American Samoa|0959
Hunter Molina|56|(010388) 87393|nunc@vulputateeu.ca|Biloxi|Burundi|N8E 8W7
Burke Ellison|53|0800 194 4742|semper.tellus@Morbinon.co.uk|Wolfsburg|Viet Nam|07063
Xander Buck|92|0877 300 0370|sit.amet@orciadipiscingnon.co.uk|Helmond|Jordan|9626ZD
Uriah Christian|80|(01763) 521946|vel.faucibus.id@inceptos.com|Castelmarte|South Africa|1815GT
Fulton Flynn|36|0800 619598|Vivamus.nibh@rutrummagnaCras.ca|Emmen|Hong Kong|9244
Blaze Fry|63|(029) 5841 3708|Duis@metusvitaevelit.org|Carlisle|Panama|46235
Ivor Flores|34|0990 046 8884|Nunc.sollicitudin.commodo@fringillaornare.org|Torgnon|Curaçao|4158
Paul Guerra|77|0906 470 5173|rutrum.eu.ultrices@pellentesquemassa.co.uk|Wabamun|Syria|50717
Harper Boone|15|055 9981 6596|dolor.tempus.non@Aliquamrutrum.com|Elen|Oman|605503
Zahir Potter|64|076 6200 9908|quis.massa@idsapien.net|Meldert|Finland|06411
Wang Walter|24|(01841) 594998|Ut.tincidunt@odiosagittis.net|Herentals|Swaziland|A4Y 6H4
Otto Adams|66|0948 485 2169|risus@blanditviverraDonec.com|Montague|Ukraine|54612
Zahir Frank|15|0800 413 3198|in.molestie.tortor@enimSuspendissealiquet.org|Waalwijk|Indonesia|QB2 8UP
Dean Shepherd|31|055 8846 5585|ac.tellus@rhoncusDonec.net|Lieferinge|Morocco|54004
Joel Beasley|71|(016977) 6323|Cras@egestas.co.uk|Grumo Appula|South Africa|08938
Dale Dyer|16|0880 256 6654|nulla.ante@sociisnatoque.net|Minturno|China|9566
Forrest Chang|99|0895 302 5896|Duis.elementum@urnanecluctus.org|Indianapolis|Indonesia|22296
Tarik Wood|5|07107 818291|Quisque@iaculisodio.net|Cumberland County|Luxembourg|O99 5AX
Emerson Ward|19|(016977) 5912|justo@nislelementum.net|Stavoren|Qatar|44978-193
Dalton Knapp|24|07448 260400|sit.amet@DonecegestasDuis.ca|Zignago|French Guiana|88782
Logan Hardin|28|0500 769223|nisi@massaQuisqueporttitor.co.uk|Delft|Armenia|3057
Ryan Wallace|21|070 2137 0217|tellus@telluseuaugue.org|Renfrew|Honduras|FJ9 5KV
Carson Britt|67|070 6322 4438|interdum.Nunc.sollicitudin@Cras.org|Coutisse|Cape Verde|10710
Zachary Bean|14|0845 46 47|pede@Nunclectuspede.com|Montbéliard|Namibia|61719
Stone Houston|7|0500 451251|in.lobortis@a.co.uk|Norcia|Panama|1106
Barry Diaz|99|07624 509719|egestas.urna.justo@tristiqueneque.ca|Cache Creek|Thailand|6555
Moses Moreno|4|0330 347 6429|elit.Nulla@tincidunt.edu|Cochrane|Cocos (Keeling) Islands|31520
Kermit Briggs|87|(012002) 66370|nec.luctus@sit.edu|Riksingen|China|36647
Keefe Harrell|83|0845 46 49|sociis.natoque.penatibus@velit.ca|Shipshaw|United States Minor Outlying Islands|99957
Elmo Walsh|13|0500 172548|Fusce.fermentum@commodohendreritDonec.ca|Vergnies|New Caledonia|5247
August Blevins|62|(026) 3189 1097|lorem.ac@facilisiSedneque.edu|H?rouxville|Holy See (Vatican City State)|43493
Lucas Summers|41|0801 630 8695|convallis.erat@mollisInteger.com|Zutendaal|Christmas Island|0380WO
Gannon Warner|38|(01842) 303311|Aliquam.adipiscing.lobortis@neceuismod.ca|Cairo Montenotte|Svalbard and Jan Mayen Islands|B3A 4M9
Ivor Browning|62|056 4817 8781|dolor.egestas@orci.com|Passau|Tuvalu|97446-298
Hall Graham|98|(028) 1429 5780|Quisque.ornare.tortor@urnanec.net|Wagga Wagga|Mexico|90133
Dolan Richard|14|(0121) 430 1335|sapien@urna.com|Mont-Saint-Guibert|Trinidad and Tobago|839621
Kirk Blankenship|97|(0191) 011 3408|non.vestibulum.nec@Maurisvestibulumneque.net|Castlegar|Germany|B4L 4L7
Mark Petty|12|(025) 5449 0460|Donec.nibh@auctorvelitAliquam.ca|Latur|Holy See (Vatican City State)|2838
Thor Nash|13|(020) 4818 4511|rhoncus@turpisnon.ca|Rothesay|Rwanda|4994NQ
Hyatt Stark|58|070 9267 8103|interdum@egestaslacinia.net|Halifax|Falkland Islands|Q1E 8HD
Ivan Campos|27|070 3628 3847|et.rutrum.eu@sagittis.co.uk|Guardia Sanframondi|Bermuda|V4K 6N1
Levi Jacobson|23|0845 46 45|ornare@Suspendisseac.edu|Castel San Niccolò|Bangladesh|7401
Christopher Parrish|54|0800 1111|augue@malesuadaaugueut.net|Berlare|Wallis and Futuna|97086
Vaughan Travis|51|0800 1111|Praesent.eu@nibhAliquamornare.co.uk|Nothomb|Bonaire, Sint Eustatius and Saba|71659
Arsenio Buck|2|(019478) 77360|Aliquam@sed.org|Huntsville|Paraguay|5285
Noah Crane|11|0828 778 1211|amet.diam.eu@egestasAliquamfringilla.com|Altach|French Polynesia|9274
Lewis Contreras|20|(023) 8773 1199|ornare.egestas.ligula@amet.co.uk|Balvano|Guinea|2465